variant	reaction id	transporters id	avg_flux (mmol / L / s)	avg_conc (mmol / L)	k_cat
2	TRANS-RXN0-592	[u'TRANS-CPLX-201[s]']	0.0	[1.0125877686673947e-13]	[0.0]
2	TRANS-RXN-108-5-METHYLAMINOMETHYL-2-SELENOURIDINE/PROTON//5-METHYLAMINOMETHYL-2-SELENOURIDINE/PROTON.87.	[u'NUPG-MONOMER[i]']	0.0	[4.8316226762380505e-14]	[0.0]
2	TRANS-RXN0-266	[u'YDGEF-CPLX[i]']	0.0	[1.0188284567968322e-14]	[0.0]
2	TRANS-RXN0-264	[u'CPLX-7[i]']	0.0	[3.133625366854949e-15]	[0.0]
2	TRANS-RXN0-269	[u'CPLX0-7684[i]']	0.0	[7.220694293865062e-14]	[0.0]
2	TRANS-RXN0-267-L-ALA-GAMMA-D-GLU-DAP/PROTON//L-ALA-GAMMA-D-GLU-DAP/PROTON.59.	[u'YJDL-MONOMER[i]', u'YHIP-MONOMER[i]', u'B1634-MONOMER[i]']	0.0	[2.450563683312948e-14, 1.9382973446113574e-14, 4.0089469666413604e-14]	[0.0, 0.0, 0.0]
2	DHHB-METHYLTRANSFER-RXN	[u'DHHB-METHYLTRANSFER-CPLX[i]']	0.0004448501478917397	[4.830044341733557e-13]	[921006343.6644931]
2	TRANS-RXN-40-CPD-12045/PROTON//CPD-12045/PROTON.35.	[u'YDEA-MONOMER[i]']	0.0	[4.143601045033801e-14]	[0.0]
2	TRANS-RXN0-546	[]	0.0	[]	[]
2	TRANS-RXN-10-ARABINOSE/PROTON//ARABINOSE/PROTON.35.	[u'ARAE-MONOMER[i]']	0.0	[3.5823603581722645e-15]	[0.0]
2	TRANS-RXN-81-CPD-12537/PROTON//CPD-12537/PROTON.35.	[u'GNTP-MONOMER[i]']	0.0	[9.689193562205017e-15]	[0.0]
2	TRANS-RXN-123-CPD-12523/PROTON//CPD-12523/PROTON.35.	[u'EXUT-MONOMER[i]']	0.0	[2.5409416037905672e-14]	[0.0]
2	ETHAMLY-RXN	[u'ETHAMLY-CPLX[c]']	0.0	[9.069639365553112e-15]	[0.0]
2	TRANS-RXN0-265-TRP//TRP.9.	[u'EG12713-MONOMER[i]']	0.0	[3.2600764175023335e-14]	[0.0]
2	TRANS-RXN0-265-TYR//TYR.9.	[u'EG12713-MONOMER[i]']	0.023124328816034857	[3.2600764175023335e-14]	[709318612652.3767]
2	TRANS-RXN-42	[u'YJIO-MONOMER[i]', u'CMR-MONOMER[i]', u'CHAA-MONOMER[i]', u'CPLX0-7819[i]', u'KEFB-MONOMER[i]']	0.0	[2.7115613015597885e-14, 1.792032676614635e-14, 1.555085930260564e-13, 1.0468054589029632e-14, 1.3151657254009762e-14]	[0.0, 0.0, 0.0, 0.0, 0.0]
2	RXN0-1483[CCO-PERI-BAC]-FE+2/PROTON/OXYGEN-MOLECULE//FE+3/WATER.54.	[u'EG12318-MONOMER[p]']	0.0	[4.2665111613458566e-13]	[0.0]
2	GLUTAMIN-RXN__GLUTAMATESYN-CPLX	[u'GLUTAMATESYN-CPLX[c]']	0.0	[5.987319727456355e-13]	[0.0]
2	RXN-11811	[]	0.0	[]	[]
2	THREDEHYD-RXN	[u'THREDEHYDSYN-CPLX[c]', u'THREDEHYDCAT-CPLX[c]']	0.0	[3.435464246856732e-14, 3.619126431792383e-16]	[0.0, 0.0]
2	TRANS-RXN0-460	[u'CPLX0-7654[i]']	0.0	[2.129974237909448e-13]	[0.0]
2	TRANS-RXN0-461	[]	0.01345393000134162	[]	[]
2	GLUTAMINESYN-RXN	[u'GLUTAMINESYN-OLIGOMER[c]']	2.0529430376097784	[4.836124548481079e-13]	[4245016887033.157]
2	TRANS-RXN0-288-CPD0-1445/PROTON//CPD0-1445/PROTON.35.	[u'B1634-MONOMER[i]', u'B0709-MONOMER[i]', u'YJDL-MONOMER[i]', u'YHIP-MONOMER[i]']	0.0	[4.0089469666413604e-14, 2.5517973804977886e-14, 2.450563683312948e-14, 1.9382973446113574e-14]	[0.0, 0.0, 0.0, 0.0]
2	GCVMULTI-RXN-GLY/THF/NAD//METHYLENE-THF/AMMONIUM/CARBON-DIOXIDE/NADH.56.	[]	1.1223586504123624	[]	[]
2	TRANS-RXN0-500	[]	0.0004049482482530743	[]	[]
2	TRANS-RXN-106	[u'DCUB-MONOMER[i]', u'DCUA-MONOMER[i]']	0.0	[2.333080544184835e-15, 5.58789761321393e-13]	[0.0, 0.0]
2	TRANS-RXN-104	[u'B2975-MONOMER[i]', u'LCTP-MONOMER[i]']	0.0	[2.044024512908949e-14, 2.2294341416321153e-14]	[0.0, 0.0]
2	ATPSYN-RXN[CCO-PM-BAC-NEG]-ATP/PROTON/WATER//ADP/Pi/PROTON.48.	[u'ATPSYN-CPLX[i]']	0.0	[7.903085176218968e-13]	[0.0]
2	TRANS-RXN-101	[u'YJIO-MONOMER[i]', u'CMR-MONOMER[i]', u'CHAA-MONOMER[i]']	0.9643961311596557	[2.7115613015597885e-14, 1.792032676614635e-14, 1.555085930260564e-13]	[35566082559332.15, 53815767075269.85, 6201561678318.737]
2	TRANS-RXN-241	[u'YFEP-MONOMER[i]']	7.675954375114348e-05	[3.159879872226971e-13]	[242919183.1809925]
2	RXN0-5202	[u'CYCA-MONOMER[i]']	0.12982222237117474	[3.2249430845484794e-13]	[402556631133.0763]
2	GLYOXYLATE-REDUCTASE-NADP+-RXN__G6539-MONOMER	[u'G6539-MONOMER[c]']	0.0	[6.2666527560251e-13]	[0.0]
2	PEROXID-RXN[CCO-PERI-BAC]-Phenolic-Donors/HYDROGEN-PEROXIDE//Phenoxyl-rad-of-phenolic-donors/WATER.87.	[]	0.0	[]	[]
2	ADENINE-DEAMINASE-RXN	[u'CPLX0-1683[c]']	0.018406663348016217	[6.607611363845405e-14]	[278567584176.20013]
2	2.8.1.6-RXN	[u'BIOTIN-SYN-CPLX[c]']	8.978760122830454e-05	[4.814849960493452e-13]	[186480579.80004555]
2	RXN-5076	[u'YGFU-MONOMER[i]', u'YGFO-MONOMER[i]', u'YICE-MONOMER[i]']	0.0	[6.541022429140034e-16, 1.2237976780831477e-14, 4.557403192867272e-13]	[0.0, 0.0, 0.0]
2	PGLYCEROLTRANSI-RXN	[u'PGLYCEROLTRANSI-MONOMER[i]']	0.0	[6.608649443806938e-15]	[0.0]
2	RXN-13329	[]	0.0	[]	[]
2	TRANS-RXN0-569-PRO//PRO.9.	[u'G6458-MONOMER[i]']	0.0	[1.1969559596004097e-13]	[0.0]
2	FORMATEDEHYDROG-RXN-FORMATE/CPD-9728/PROTON//CARBON-DIOXIDE/REDUCED-MENAQUINONE/PROTON.67.__FORMATEDEHYDROGO-CPLX	[u'FORMATEDEHYDROGO-CPLX[i]']	4.827089438969713	[5.39364309641787e-15]	[894959001305735.6]
2	TRANS-RXN0-288-CARNOSINE/PROTON//CARNOSINE/PROTON.35.	[u'B1634-MONOMER[i]', u'B0709-MONOMER[i]', u'YJDL-MONOMER[i]', u'YHIP-MONOMER[i]']	0.0	[4.0089469666413604e-14, 2.5517973804977886e-14, 2.450563683312948e-14, 1.9382973446113574e-14]	[0.0, 0.0, 0.0, 0.0]
2	TRANS-RXN-108-CPD0-1322/PROTON//CPD0-1322/PROTON.35.	[u'NUPG-MONOMER[i]']	0.0	[4.8316226762380505e-14]	[0.0]
2	RXN0-5266-CPD-9956/OXYGEN-MOLECULE/PROTON//UBIQUINONE-8/WATER/PROTON.59.	[u'APP-UBIOX-CPLX[i]', u'CYT-D-UBIOX-CPLX[i]']	0.0	[1.1526721427842354e-14, 2.868596132918566e-13]	[0.0, 0.0]
2	TRANS-RXN0-562 (reverse)	[u'G7504-MONOMER[i]', u'EG11939-MONOMER[i]']	0.0	[1.669734393719875e-14, 4.5453526455388036e-13]	[0.0, 0.0]
2	TRANS-RXN0-545 (reverse)	[]	39.14378772817569	[]	[]
2	CYTIKIN-RXN	[u'UDK-MONOMER[c]']	6.425849074554008e-09	[4.2734430774551073e-13]	[15036.702158159287]
2	TRANS-RXN-31	[u'XAPB-MONOMER[i]', u'NUPG-MONOMER[i]']	0.0	[1.0558896035063213e-14, 4.8316226762380505e-14]	[0.0, 0.0]
2	TRANS-RXN0-474 (reverse)	[]	0.0	[]	[]
2	RXN-11193-D-ALANINE/UBIQUINONE-8/WATER//AMMONIUM/PYRUVATE/CPD-9956.57.	[u'DALADEHYDROG-CPLX[i]']	0.0	[5.099195154949963e-14]	[0.0]
2	TRANS-RXN-262	[u'ANSP-MONOMER[i]']	0.0	[1.2241025875915559e-14]	[0.0]
2	TRANS-RXN0-569-L-ALPHA-ALANINE//L-ALPHA-ALANINE.33.	[u'G6458-MONOMER[i]']	8.464946342204132e-18	[1.1969559596004097e-13]	[7.072061652986847e-05]
2	TRYPTOPHAN-RXN	[u'TRYPTOPHAN-CPLX[c]']	0.0	[9.245304562137149e-15]	[0.0]
2	FORMATEDEHYDROG-RXN-FORMATE/CPD-9728/PROTON//CARBON-DIOXIDE/REDUCED-MENAQUINONE/PROTON.67.__FORMATEDEHYDROGN-CPLX	[u'FORMATEDEHYDROGN-CPLX[i]']	0.0	[0.0]	[nan]
2	GCVT-RXN (reverse)	[u'GCVT-MONOMER[c]']	0.0	[3.6790880489362803e-13]	[0.0]
2	RXN0-6	[u'CPLX0-7641[i]']	0.0	[4.604683066204582e-14]	[0.0]
2	RXN0-3	[u'ABC-6-CPLX[i]']	0.0	[4.5197434577465274e-14]	[0.0]
2	GMP-REDUCT-RXN	[u'GMP-REDUCT-CPLX[c]']	0.0017802570001868817	[3.0069107936791195e-13]	[5920551430.821265]
2	TRANS-RXN0-288-CPD0-2190/PROTON//CPD0-2190/PROTON.35.	[u'B1634-MONOMER[i]', u'B0709-MONOMER[i]', u'YJDL-MONOMER[i]', u'YHIP-MONOMER[i]']	0.0	[4.0089469666413604e-14, 2.5517973804977886e-14, 2.450563683312948e-14, 1.9382973446113574e-14]	[0.0, 0.0, 0.0, 0.0]
2	TRANS-RXN-108-CPD-16020/PROTON//CPD-16020/PROTON.35.	[u'NUPG-MONOMER[i]']	0.0	[4.8316226762380505e-14]	[0.0]
2	TRANS-RXN0-569-CYS//CYS.9.	[u'G6458-MONOMER[i]']	0.0	[1.1969559596004097e-13]	[0.0]
2	1.2.99.7-RXN-HEXANAL/FAD/WATER//HEXANOATE/FADH2.35. (reverse)	[]	0.0	[]	[]
2	2-OCTAPRENYL-6-OHPHENOL-METHY-RXN	[u'DHHB-METHYLTRANSFER-CPLX[i]']	0.0004448501478917397	[4.830044341733557e-13]	[921006343.6644931]
2	TRYPTOPHAN-RXN (reverse)	[u'TRYPTOPHAN-CPLX[c]']	0.007478807362612814	[9.245304562137149e-15]	[808930339974.004]
2	RXN0-1924 (reverse)	[u'EG12445-MONOMER[i]', u'EG11639-MONOMER[i]']	0.0430589843853983	[1.6954236110962747e-14, 5.906998193910743e-14]	[2539718339628.172, 728948663464.7333]
2	LYSOPHOSPHOLIPASE-RXN[CCO-PERI-BAC]-2-Lysophosphatidylcholines/WATER//Carboxylates/L-1-GLYCERO-PHOSPHORYLCHOLINE/PROTON.98.	[u'CPLX0-7630[p]']	0.0	[1.2963709104871782e-13]	[0.0]
2	RXN0-2945	[]	0.0	[]	[]
2	TRANS-RXN-30-BETA-D-XYLOSE/PROTON//BETA-D-XYLOSE/PROTON.43.	[u'XYLE-MONOMER[i]']	0.0	[3.595417157422805e-14]	[0.0]
2	GCVMULTI-RXN-GLY/CPD-1301/NAD//CPD-12996/AMMONIUM/CARBON-DIOXIDE/NADH.57.	[]	0.1025298826718371	[]	[]
2	GLYCOLALD-DEHYDROG-RXN	[u'ALD-CPLX[c]']	0.0008298891360073622	[1.983204401493343e-13]	[4184587001.6346264]
2	TRANS-RXN0-490 (reverse)	[u'CPLX0-7534[e]', u'CPLX0-2221[e]', u'CPLX0-7533[e]', u'CPLX0-7530[e]']	0.0	[2.1289649119719846e-11, 8.40569206501962e-13, 6.371002167017814e-12, 2.854451749492454e-16]	[0.0, 0.0, 0.0, 0.0]
2	RXN0-4522	[u'METNIQ-METHIONINE-ABC-CPLX[i]']	0.14778668398749525	[2.0878568118018207e-13]	[707839173415.1315]
2	CYTIDEAM2-RXN	[u'CYTIDEAM-CPLX[c]']	0.0	[6.672889864057146e-14]	[0.0]
2	TRANS-RXN0-547	[]	0.0	[]	[]
2	ATPSYN-RXN[CCO-OUT-CCO-IN]-ATP/PROTON/WATER//ADP/Pi/PROTON.48.	[u'ATPSYN-CPLX[i]']	0.0	[7.903085176218968e-13]	[0.0]
2	TRANS-RXN0-545	[]	0.0	[]	[]
2	TRANS-RXN-142	[u'MTR-MONOMER[i]']	0.0	[4.235148046155324e-14]	[0.0]
2	TRANS-RXN-143	[u'CPLX0-7674[i]', u'KUP-MONOMER[i]']	0.39288581728379063	[1.8896023118078003e-14, 3.559880836942147e-14]	[20791984367753.715, 11036487884838.027]
2	TRANS-RXN-141	[u'CORA-MONOMER[c]']	0.018789750515649593	[1.0279382255017434e-13]	[182790658519.17505]
2	TRANS-RXN-144	[]	0.0	[]	[]
2	TRANS-RXN-145	[u'CPLX0-7653[i]']	0.0	[5.3904092889625636e-15]	[0.0]
2	TRANS-RXN0-288-CPD-13390/PROTON//CPD-13390/PROTON.35.	[u'B1634-MONOMER[i]', u'B0709-MONOMER[i]', u'YJDL-MONOMER[i]', u'YHIP-MONOMER[i]']	0.0	[4.0089469666413604e-14, 2.5517973804977886e-14, 2.450563683312948e-14, 1.9382973446113574e-14]	[0.0, 0.0, 0.0, 0.0]
2	RIBOSYLHOMOCYSTEINASE-RXN	[u'EG12712-MONOMER[c]']	0.03303418232286499	[4.562787087212495e-12]	[7239913169.61631]
2	TRANS-RXN-108-DEOXYINOSINE/PROTON//DEOXYINOSINE/PROTON.41.	[u'NUPG-MONOMER[i]']	0.0	[4.8316226762380505e-14]	[0.0]
2	ATPSYN-RXN[CCO-PM-BAC-NEG]-ATP/PROTON/WATER//ADP/Pi/PROTON.48. (reverse)	[u'ATPSYN-CPLX[i]']	19.559314135998704	[7.903085176218968e-13]	[24748960310910.332]
2	ADOMET-DMK-METHYLTRANSFER-RXN	[u'2-OCTAPRENYL-METHOXY-BENZOQ-METH-MONOMER[c]']	0.0004448949091030846	[8.745459779314033e-13]	[508715288.0805779]
2	TRANS-RXN-40-CPD-15699/PROTON//CPD-15699/PROTON.35.	[u'YDEA-MONOMER[i]']	0.0	[4.143601045033801e-14]	[0.0]
2	GLUTAMIN-RXN__CTPSYN-CPLX	[u'CTPSYN-CPLX[c]']	0.030069443671345404	[4.946508329248292e-13]	[60789230847.03464]
2	2-OCTAPRENYL-METHOXY-BENZOQ-METH-RXN	[u'2-OCTAPRENYL-METHOXY-BENZOQ-METH-MONOMER[c]']	0.0004448501478917397	[8.745459779314033e-13]	[508664105.8529142]
2	HOMOCYSTEINE-S-METHYLTRANSFERASE-RXN	[]	0.03027566317390477	[]	[]
2	TRANS-RXN0-569-L-SELENOCYSTEINE//L-SELENOCYSTEINE.35.	[u'G6458-MONOMER[i]']	0.0	[1.1969559596004097e-13]	[0.0]
2	TRANS-RXN0-537	[u'CPLX0-7654[i]']	0.24826985217522227	[2.129974237909448e-13]	[1165600258240.1985]
2	TRANS-RXN-108-CPD0-1137/PROTON//CPD0-1137/PROTON.35.	[u'NUPG-MONOMER[i]']	0.0	[4.8316226762380505e-14]	[0.0]
2	URUR-RXN	[u'G6284-MONOMER[c]']	0.0	[1.172334944371944e-13]	[0.0]
2	RXN0-949	[u'CPLX0-782[c]']	0.0	[4.1299361707119127e-13]	[0.0]
2	TRANS-RXN0-533	[u'CPLX0-7963[i]']	0.0	[2.578728526157128e-14]	[0.0]
2	RXN-13202	[u'CARBPSYN-CPLX[c]']	0.6009837344510363	[4.800779218913991e-13]	[1251846225469.5974]
2	RXN0-5405	[]	0.016439664499951677	[]	[]
2	RXN-14480	[u'G6364-MONOMER[c]']	0.0	[3.9254094049266327e-13]	[0.0]
2	ABC-15-RXN	[u'ABC-15-CPLX[i]']	0.0	[1.0898430568248522e-13]	[0.0]
2	RXN-11811 (reverse)	[]	0.0	[]	[]
2	TRANS-RXN0-569-THR//THR.9.	[u'G6458-MONOMER[i]']	-1.4512011107925477e-18	[1.1969559596004097e-13]	[-1.2124097792846237e-05]
2	S-ADENMETSYN-RXN	[u'S-ADENMETSYN-CPLX[c]']	0.04936021767843239	[1.1781917028604182e-12]	[41894894997.64382]
2	TRANS-RXN0-569-TYR//TYR.9.	[u'G6458-MONOMER[i]']	0.0	[1.1969559596004097e-13]	[0.0]
2	TRANS-RXN-72	[u'TDCC-MONOMER[i]']	0.1996263687643412	[1.9461322371729622e-14]	[10257595293438.4]
2	TRANS-RXN-71	[u'TDCC-MONOMER[i]', u'SDAC-MONOMER[i]']	0.13500317677821524	[1.9461322371729622e-14, 1.7036864075874624e-13]	[6936999151420.812, 792417995336.2959]
2	TRANS-RXN-77	[u'TYRP-MONOMER[i]', u'AROP-MONOMER[i]']	0.010187161310975768	[2.1423743870094213e-14, 1.385379491886887e-13]	[475507986500.7259, 73533363028.93333]
2	TRANS-RXN-76	[u'AROP-MONOMER[i]', u'MTR-MONOMER[i]', u'TNAB-MONOMER[i]']	0.04905872120311649	[1.385379491886887e-13, 4.235148046155324e-14, 2.1490344417381215e-14]	[354117564829.1033, 1158370868467.0916, 2282826196281.8145]
2	1.2.99.7-RXN-CPD-371/FAD/WATER//CPD-195/FADH2.33.	[]	0.0	[]	[]
2	GLUTDEHYD-RXN__GLUTAMATESYN-CPLX	[u'GLUTAMATESYN-CPLX[c]']	2.9344148329867985	[5.987319727456355e-13]	[4901049161497.596]
2	1.2.99.7-RXN-METHYL-GLYOXAL/FAD/WATER//PYRUVATE/FADH2.41.	[]	0.0	[]	[]
2	TRANS-RXN-108-5-METHYLAMINOMETHYL-2-THIOURIDINE/PROTON//5-METHYLAMINOMETHYL-2-THIOURIDINE/PROTON.83.	[u'NUPG-MONOMER[i]']	0.0	[4.8316226762380505e-14]	[0.0]
2	1.2.99.7-RXN-CPD-665/FAD/WATER//PROPIONATE/FADH2.36. (reverse)	[]	0.0	[]	[]
2	RXN-11193-D-ALANINE/CPD-9728/WATER//AMMONIUM/PYRUVATE/REDUCED-MENAQUINONE.64.	[u'DALADEHYDROG-CPLX[i]']	0.0	[5.099195154949963e-14]	[0.0]
2	TRANS-RXN-108-CPD-15544/PROTON//CPD-15544/PROTON.35.	[u'NUPG-MONOMER[i]']	0.0	[4.8316226762380505e-14]	[0.0]
2	4.3.1.17-RXN	[u'LSERINEDEAM2-MONOMER[c]', u'THREDEHYDCAT-CPLX[c]', u'LSERINEDEAM1-MONOMER[c]', u'CPLX0-7622[c]']	0.0	[6.240959033291074e-14, 3.619126431792383e-16, 1.072319893622361e-13, 1.4843321899607238e-15]	[0.0, 0.0, 0.0, 0.0]
2	TRANS-RXN-141A	[u'EG11167-MONOMER[i]', u'CORA-MONOMER[c]']	5.465248950031133e-05	[1.6452866754175332e-13, 1.0279382255017434e-13]	[332176090.1421138, 531670952.05195904]
2	TRANS-RXN-141B	[u'CORA-MONOMER[c]']	0.0006989674872692314	[1.0279382255017434e-13]	[6799703230.493843]
2	TRANS-RXN0-469	[u'G7399-MONOMER[i]']	8.879790418805828e-18	[1.4008153468762463e-14]	[0.000633901565870716]
2	RXN-14809-CPD-12045//ARABINOSE.21.	[]	0.0	[]	[]
2	GLUTAMIN-RXN__GMP-SYN-CPLX	[u'GMP-SYN-CPLX[c]']	0.0	[1.4131508311005826e-12]	[0.0]
2	TRANS-RXN0-532	[u'CPLX0-7963[i]']	0.0	[2.578728526157128e-14]	[0.0]
2	TRANS-RXN-108-DEOXYURIDINE/PROTON//DEOXYURIDINE/PROTON.41.	[u'NUPG-MONOMER[i]']	0.0	[4.8316226762380505e-14]	[0.0]
2	RXN-14142[CCO-PERI-BAC]-DGMP/WATER//DEOXYGUANOSINE/Pi.44.__USHA-MONOMER	[u'USHA-MONOMER[p]']	0.0	[2.37913731183953e-13]	[0.0]
2	TRANS-RXN0-288-CPD-13398/PROTON//CPD-13398/PROTON.35.	[u'B1634-MONOMER[i]', u'B0709-MONOMER[i]', u'YJDL-MONOMER[i]', u'YHIP-MONOMER[i]']	0.0	[4.0089469666413604e-14, 2.5517973804977886e-14, 2.450563683312948e-14, 1.9382973446113574e-14]	[0.0, 0.0, 0.0, 0.0]
2	TRANS-RXN0-556 (reverse)	[]	0.0	[]	[]
2	TRANS-RXN-62B	[u'CYCA-MONOMER[i]']	0.0348522724115093	[3.2249430845484794e-13]	[108070968999.40771]
2	TRANS-RXN-62A	[u'CYCA-MONOMER[i]']	0.008219832249975838	[3.2249430845484794e-13]	[25488301760.608242]
2	TRIPHOSPHATASE-RXN[CCO-PERI-BAC]-P3I/WATER//Pi/PPI.32.	[u'ALKAPHOSPHA-CPLX[p]']	0.0	[2.1870228801765422e-14]	[0.0]
2	TRANS-RXN-1 (reverse)	[u'CPLX0-7843[i]']	0.0	[7.789627440891449e-15]	[0.0]
2	TRANS-RXN-108-CPD0-1311/PROTON//CPD0-1311/PROTON.35.	[u'NUPG-MONOMER[i]']	0.0	[4.8316226762380505e-14]	[0.0]
2	SAMDECARB-RXN	[]	0.01345393000134162	[]	[]
2	TRANS-RXN-145 (reverse)	[u'CPLX0-7653[i]']	111.10366723889948	[5.3904092889625636e-15]	[2.061136015522904e+16]
2	RXN-14808-CPD-15699//ARABINOSE.21. (reverse)	[]	0.0	[]	[]
2	TRANS-RXN0-589	[u'YJIO-MONOMER[i]']	0.0	[2.7115613015597885e-14]	[0.0]
2	TRANS-RXN0-588	[u'YJIO-MONOMER[i]']	0.0	[2.7115613015597885e-14]	[0.0]
2	PMPOXI-RXN	[u'PDXH-CPLX[c]']	0.0015109742123787582	[2.8838427220307427e-13]	[5239447355.557453]
2	TRANS-RXN0-584	[u'G7138-MONOMER[i]']	0.0	[1.4632553906583847e-14]	[0.0]
2	TRANS-RXN0-270	[u'B4141-MONOMER[i]', u'G6984-MONOMER[i]']	0.0	[3.9767233965291796e-14, 4.983894796935302e-15]	[0.0, 0.0]
2	TRANS-RXN0-288-CPD-3569/PROTON//CPD-3569/PROTON.33.	[u'B1634-MONOMER[i]', u'B0709-MONOMER[i]', u'YJDL-MONOMER[i]', u'YHIP-MONOMER[i]']	0.0	[4.0089469666413604e-14, 2.5517973804977886e-14, 2.450563683312948e-14, 1.9382973446113574e-14]	[0.0, 0.0, 0.0, 0.0]
2	TRANS-RXN0-277	[u'PYRNUTRANSHYDROGEN-CPLX[i]']	0.0	[7.283764916735852e-13]	[0.0]
2	TRANS-RXN0-517-ENOL-OXALOACETATE/PROTON//ENOL-OXALOACETATE/PROTON.51.	[]	0.0	[]	[]
2	TRANS-RXN-30-CPD-15377/PROTON//CPD-15377/PROTON.35.	[u'XYLE-MONOMER[i]']	0.0	[3.595417157422805e-14]	[0.0]
2	RXN0-4083	[u'YGJU-MONOMER[i]']	0.07484171551986772	[2.3895962048427736e-13]	[313198168662.10675]
2	ARABISOM-RXN-ARABINOSE//L-RIBULOSE.22.	[u'ARABISOM-CPLX[c]']	0.0	[1.0017434692079207e-15]	[0.0]
2	TRANS-RXN0-497	[]	0.011274321316965628	[]	[]
2	SUPEROX-DISMUT-RXN[CCO-PERI-BAC]-SUPER-OXIDE/PROTON//HYDROGEN-PEROXIDE/OXYGEN-MOLECULE.68.	[u'G6886-MONOMER[p]']	0.0	[2.0361496925209542e-13]	[0.0]
2	RXN-15127	[]	0.03878180586249931	[]	[]
2	RXN-15123	[]	0.07473479470334839	[]	[]
2	4.1.2.28-RXN	[u'CPLX0-7940[c]', u'G7911-MONOMER[c]']	0.0	[7.034221363318618e-16, 1.394104812011012e-14]	[0.0, 0.0]
2	RXN-8899	[]	0.016102818782938424	[]	[]
2	TRANS-RXN-123-CPD-15633/PROTON//CPD-15633/PROTON.35.	[u'EXUT-MONOMER[i]']	0.0	[2.5409416037905672e-14]	[0.0]
2	SUCCARGDIHYDRO-RXN	[u'CPLX0-7947[c]']	0.00019138845835111763	[7.76050447682136e-15]	[24661857862.816257]
2	4.1.2.28-RXN (reverse)	[u'CPLX0-7940[c]', u'G7911-MONOMER[c]']	0.0	[7.034221363318618e-16, 1.394104812011012e-14]	[0.0, 0.0]
2	TRANS-RXN0-470	[u'EG11919-MONOMER[i]']	0.0	[4.7677330910564586e-14]	[0.0]
2	ASPARTASE-RXN (reverse)	[u'ASPARTASE-CPLX[c]']	10.800620491457845	[3.5260402245713476e-14]	[306310189435540.3]
2	TRANS-RXN-106D-FUM/PROTON//FUM/PROTON.23.	[u'DCUB-MONOMER[i]', u'DCUA-MONOMER[i]']	0.0	[2.333080544184835e-15, 5.58789761321393e-13]	[0.0, 0.0]
2	TRANS-RXN0-571	[u'EG11512-MONOMER[i]']	0.0	[1.2620884799398462e-13]	[0.0]
2	ABC-2-RXN-ATP/ARABINOSE/WATER//ADP/ARABINOSE/Pi/PROTON.45.	[u'ABC-2-CPLX[i]']	0.0	[9.013893503007925e-15]	[0.0]
2	TRANS-RXN0-579	[]	0.0	[]	[]
2	TRANS-RXN0-546 (reverse)	[]	0.0	[]	[]
2	TRANS-RXN-132	[u'B1006-MONOMER[i]', u'URAA-MONOMER[i]']	0.0	[1.541097886516843e-14, 4.0416060868468927e-13]	[0.0, 0.0]
2	TRANS-RXN-131	[u'CPLX0-7654[i]']	0.0	[2.129974237909448e-13]	[0.0]
2	TRANS-RXN-130	[u'NHAB-MONOMER[i]']	0.07134523524988529	[2.641013442743399e-13]	[270143400617.3561]
2	TRANS-RXN-137	[u'NARK-MONOMER[i]', u'NIRC-MONOMER[i]']	0.0	[4.3113942788876973e-16, 1.729956717814634e-14]	[0.0, 0.0]
2	TRANS-RXN-139	[]	0.0	[]	[]
2	TRANS-RXN-250	[u'MGTA-MONOMER[i]']	0.0	[1.619227885164793e-14]	[0.0]
2	RXN-7607[CCO-PERI-BAC]-IMP/WATER//INOSINE/Pi.36.	[u'ALKAPHOSPHA-CPLX[p]', u'APHA-CPLX[p]']	0.0	[2.1870228801765422e-14, 1.4027923685454618e-14]	[0.0, 0.0]
2	PGLYCEROLTRANSI-RXN (reverse)	[u'PGLYCEROLTRANSI-MONOMER[i]']	0.0	[6.608649443806938e-15]	[0.0]
2	TRANS-RXN-106D-MALEATE/PROTON//MALEATE/PROTON.31.	[u'DCUB-MONOMER[i]', u'DCUA-MONOMER[i]']	0.0	[2.333080544184835e-15, 5.58789761321393e-13]	[0.0, 0.0]
2	TRANS-RXN-108-ADENOSINE/PROTON//ADENOSINE/PROTON.35.	[u'NUPG-MONOMER[i]']	0.0	[4.8316226762380505e-14]	[0.0]
2	TRANS-RXN0-288-CPD-13403/PROTON//CPD-13403/PROTON.35.	[u'B1634-MONOMER[i]', u'B0709-MONOMER[i]', u'YJDL-MONOMER[i]', u'YHIP-MONOMER[i]']	0.0	[4.0089469666413604e-14, 2.5517973804977886e-14, 2.450563683312948e-14, 1.9382973446113574e-14]	[0.0, 0.0, 0.0, 0.0]
2	ABC-56-RXN-ATP/CPD0-1958/WATER//CPD0-1958/ADP/Pi/PROTON.45.	[u'ABC-56-CPLX[i]']	0.0	[1.8786766364119792e-16]	[0.0]
2	PEROXID-RXN[CCO-PERI-BAC]-Phenolic-Donors/HYDROGEN-PEROXIDE//Phenoxyl-rad-of-phenolic-donors/WATER.87. (reverse)	[]	0.0	[]	[]
2	ATPSYN-RXN[CCO-OUT-CCO-IN]-ATP/PROTON/WATER//ADP/Pi/PROTON.48. (reverse)	[u'ATPSYN-CPLX[i]']	133.73352845935375	[7.903085176218968e-13]	[169216863386173.44]
2	TRANS-RXN-112-CPD0-1112/PROTON//CPD0-1112/PROTON.35.	[u'RHAT-MONOMER[i]']	0.0	[8.275931587005586e-15]	[0.0]
2	CHER-RXN	[u'CHER-MONOMER[c]']	6.613631727952909e-23	[1.0683078315389563e-12]	[6.190754698882632e-11]
2	TRANS-RXN-106A	[u'DCUB-MONOMER[i]', u'DCUA-MONOMER[i]']	0.18827247812134423	[2.333080544184835e-15, 5.58789761321393e-13]	[80696947471706.58, 336929004704.9692]
2	TRANS-RXN-106B	[u'DCUB-MONOMER[i]', u'DCUA-MONOMER[i]']	0.0	[2.333080544184835e-15, 5.58789761321393e-13]	[0.0, 0.0]
2	RXN-11302	[]	0.008219832249975838	[]	[]
2	TRANS-RXN0-288-L-GAMMA-GLUTAMYLCYSTEINE/PROTON//L-GAMMA-GLUTAMYLCYSTEINE/PROTON.65.	[u'B1634-MONOMER[i]', u'B0709-MONOMER[i]', u'YJDL-MONOMER[i]', u'YHIP-MONOMER[i]']	0.0	[4.0089469666413604e-14, 2.5517973804977886e-14, 2.450563683312948e-14, 1.9382973446113574e-14]	[0.0, 0.0, 0.0, 0.0]
2	GLYCEROL-2-PHOSPHATASE-RXN[CCO-PERI-BAC]-CPD-536/WATER//GLYCEROL/Pi.41.	[u'ALKAPHOSPHA-CPLX[p]']	0.0	[2.1870228801765422e-14]	[0.0]
2	TRANS-RXN0-265-HIS//HIS.9.	[u'EG12713-MONOMER[i]']	0.0	[3.2600764175023335e-14]	[0.0]
2	RXN-5822[CCO-PERI-BAC]-NADP/WATER//NAD/Pi.33.	[u'ALKAPHOSPHA-CPLX[p]']	0.0	[2.1870228801765422e-14]	[0.0]
2	TRANS-RXN0-568-D-LACTATE//D-LACTATE.21.	[]	0.0	[]	[]
2	TRANS-RXN-108-ADENOSYL-P4/PROTON//ADENOSYL-P4/PROTON.39.	[u'NUPG-MONOMER[i]']	0.0	[4.8316226762380505e-14]	[0.0]
2	RXN0-5205	[u'YHHO-MONOMER[i]']	0.0	[4.419910305612898e-14]	[0.0]
2	DARABALDOL-RXN	[u'CPLX0-7633[c]']	0.0	[1.2007337822213627e-15]	[0.0]
2	RXN0-22	[u'YICM-MONOMER[i]']	0.0	[5.638082054073615e-14]	[0.0]
2	RXN-15314	[u'NANT-MONOMER[i]']	0.0	[2.565459306619343e-15]	[0.0]
2	TRANS-RXN-106D-MAL/PROTON//MAL/PROTON.23.	[u'DCUB-MONOMER[i]', u'DCUA-MONOMER[i]']	0.0	[2.333080544184835e-15, 5.58789761321393e-13]	[0.0, 0.0]
2	TRANS-RXN-20-CPD-15619/PROTON//CPD-15619/PROTON.35.	[u'FUCP-MONOMER[i]']	0.0	[2.484222113847881e-15]	[0.0]
2	CYTDEAM-RXN	[u'CPLX0-7932[c]']	0.02930295861337655	[2.224698767445544e-13]	[131716522893.67229]
2	TRANS-RXN0-288-CPD-13395/PROTON//CPD-13395/PROTON.35.	[u'B1634-MONOMER[i]', u'B0709-MONOMER[i]', u'YJDL-MONOMER[i]', u'YHIP-MONOMER[i]']	0.0	[4.0089469666413604e-14, 2.5517973804977886e-14, 2.450563683312948e-14, 1.9382973446113574e-14]	[0.0, 0.0, 0.0, 0.0]
2	HEMN-RXN	[u'HEMN-MONOMER[c]']	0.0004437070222788727	[1.9628544498003492e-13]	[2260519226.5988145]
2	RXN-10017	[]	0.025678069553381398	[]	[]
2	TRANS-RXN-108-INOSINE/PROTON//INOSINE/PROTON.31.	[u'NUPG-MONOMER[i]']	0.19751022485383646	[4.8316226762380505e-14]	[4087865259536.7793]
2	GLUTAMIN-RXN__CARBPSYN-CPLX	[u'CARBPSYN-CPLX[c]']	0.0	[4.800779218913991e-13]	[0.0]
2	1.2.99.7-RXN-CPD-371/FAD/WATER//CPD-195/FADH2.33. (reverse)	[]	0.0	[]	[]
2	TRANS-RXN0-288-CPD-13406/PROTON//CPD-13406/PROTON.35.	[u'B1634-MONOMER[i]', u'B0709-MONOMER[i]', u'YJDL-MONOMER[i]', u'YHIP-MONOMER[i]']	0.0	[4.0089469666413604e-14, 2.5517973804977886e-14, 2.450563683312948e-14, 1.9382973446113574e-14]	[0.0, 0.0, 0.0, 0.0]
2	ARABISOM-RXN-ARABINOSE//L-RIBULOSE.22. (reverse)	[u'ARABISOM-CPLX[c]']	0.0	[1.0017434692079207e-15]	[0.0]
2	GLUTAMIN-RXN__ASNSYNB-CPLX	[u'ASNSYNB-CPLX[c]']	0.03256971734107597	[4.949275761247853e-13]	[65807037053.971344]
2	ASPARAGHYD-RXN[CCO-PERI-BAC]-ASN/WATER//L-ASPARTATE/AMMONIUM.46.	[u'ANSB-CPLX[c]']	0.0028778290021328878	[4.339060404237193e-15]	[663237828937.0255]
2	RXN-11193-D-GLT/UBIQUINONE-8/WATER//AMMONIUM/2-KETOGLUTARATE/CPD-9956.60.	[u'DALADEHYDROG-CPLX[i]']	0.0	[5.099195154949963e-14]	[0.0]
2	GMP-SYN-NH3-RXN	[u'GMP-SYN-CPLX[c]']	1.5052408884767219	[1.4131508311005826e-12]	[1065166474341.8918]
2	1.2.99.7-RXN-HEXANAL/FAD/WATER//HEXANOATE/FADH2.35.	[]	0.0	[]	[]
2	GLYCOLALDREDUCT-RXN	[u'LACTALDREDUCT-CPLX[c]']	0.0	[2.097705549990726e-14]	[0.0]
2	DIMESULFREDUCT-RXN-CPD-7670/CPD-9728/WATER//DMSO/REDUCED-MENAQUINONE.50.	[u'DIMESULFREDUCT-CPLX[i]']	0.005090712386436874	[3.2118887280888236e-15]	[1584959136945.5723]
2	RXN0-7077-GLC/PROTON//GLC/PROTON.23.	[u'GALP-MONOMER[i]']	3.1329596690100505	[1.701942950825947e-13]	[18408135639855.83]
2	CYTIDEAM-RXN	[u'CYTIDEAM-CPLX[c]']	0.0004399714938322665	[6.672889864057146e-14]	[6593417586.616093]
2	RXN0-7050	[u'B4141-MONOMER[i]', u'G6984-MONOMER[i]']	0.0	[3.9767233965291796e-14, 4.983894796935302e-15]	[0.0, 0.0]
2	CYTIDINEKIN-RXN	[u'UDK-MONOMER[c]']	5.86361738878402e-09	[4.2734430774551073e-13]	[13721.061173642409]
2	TRANS-RXN0-200	[u'CPLX0-7641[i]', u'B0752-MONOMER[i]']	0.0	[4.604683066204582e-14, 1.1727928665840454e-13]	[0.0, 0.0]
2	TRANS-RXN0-265-PHE//PHE.9.	[u'EG12713-MONOMER[i]']	0.0	[3.2600764175023335e-14]	[0.0]
2	TRANS-RXN0-288-D-ALA-D-ALA/PROTON//D-ALA-D-ALA/PROTON.39.	[u'B1634-MONOMER[i]', u'B0709-MONOMER[i]', u'YJDL-MONOMER[i]', u'YHIP-MONOMER[i]']	0.0	[4.0089469666413604e-14, 2.5517973804977886e-14, 2.450563683312948e-14, 1.9382973446113574e-14]	[0.0, 0.0, 0.0, 0.0]
2	TRANS-RXN0-206	[u'CPLX0-7532[i]']	0.0028778290021328878	[1.0490893686970738e-14]	[274316858792.21463]
2	RXN0-5187[CCO-PERI-BAC]-FMN/WATER//RIBOFLAVIN/Pi.39.	[u'ALKAPHOSPHA-CPLX[p]']	0.0	[2.1870228801765422e-14]	[0.0]
2	GLUTDEHYD-RXN (reverse)	[u'GDHA-CPLX[c]', u'GLUTAMATESYN-CPLX[c]']	1.5255899548486718	[2.0939056345995237e-12, 5.987319727456355e-13]	[728585820506.8793, 2548034887551.932]
2	GUANINE-DEAMINASE-RXN	[u'G7502-MONOMER[c]']	1.1270380868557437	[3.84107522219806e-14]	[29341734323307.387]
2	CARBAMATE-KINASE-RXN	[u'EG12384-MONOMER[c]']	0.0	[3.771206652121698e-15]	[0.0]
2	TRANS-RXN0-460 (reverse)	[u'CPLX0-7654[i]']	0.0	[2.129974237909448e-13]	[0.0]
2	TRANS-RXN0-569-LEU//LEU.9.	[u'G6458-MONOMER[i]']	0.0	[1.1969559596004097e-13]	[0.0]
2	NADH-DEHYDROG-A-RXN-NADH/UBIQUINONE-8/PROTON//NAD/CPD-9956/PROTON.46. (reverse)	[u'NADH-DHI-CPLX[i]']	0.026164579185428048	[5.8706602407153e-14]	[445683758088.5122]
2	TRANS-RXN0-288-ALA-GLY/PROTON//ALA-GLY/PROTON.31.	[u'B1634-MONOMER[i]', u'B0709-MONOMER[i]', u'YJDL-MONOMER[i]', u'YHIP-MONOMER[i]']	0.0	[4.0089469666413604e-14, 2.5517973804977886e-14, 2.450563683312948e-14, 1.9382973446113574e-14]	[0.0, 0.0, 0.0, 0.0]
2	TRANS-RXN0-524	[]	0.0	[]	[]
2	DCYSDESULF-RXN	[u'DCYSDESULF-CPLX[c]']	0.0	[3.3813463295109036e-13]	[0.0]
2	TRANS-RXN-108-CPD0-1320/PROTON//CPD0-1320/PROTON.35.	[u'NUPG-MONOMER[i]']	0.0	[4.8316226762380505e-14]	[0.0]
2	RXN0-3921	[u'EG11822-MONOMER[c]']	0.5669346506416206	[6.917945528725173e-14]	[8195130306932.243]
2	RXN-12275-Reduced-hydrogenase-3/PROTON//Oxidized-hydrogenase-3/HYDROGEN-MOLECULE.71. (reverse)	[u'HYDROG3-CPLX[i]', u'FHLMULTI-CPLX[i]']	0.0	[3.1939143598871446e-16, 4.2792968616135475e-16]	[0.0, 0.0]
2	TRANS-RXN-108-GUANOSINE/PROTON//GUANOSINE/PROTON.35.	[u'NUPG-MONOMER[i]']	0.031446259481540444	[4.8316226762380505e-14]	[650842617247.2726]
2	THTOREDUCT-RXN	[]	0.0	[]	[]
2	GLUTAMIN-RXN__CPLX0-7694	[u'CPLX0-7694[c]']	0.0015163798862553757	[1.1616257698724231e-15]	[1305394495872.7231]
2	GLUTAMIN-RXN__CPLX0-7695	[u'CPLX0-7695[c]']	0.01957932642686786	[3.4813287148537283e-14]	[562409586412.4829]
2	ABC-36-RXN	[u'ABC-15-CPLX[i]']	0.0	[1.0898430568248522e-13]	[0.0]
2	UROPORIIIMETHYLTRANSA-RXN	[u'SIROHEMESYN-CPLX[c]']	0.000444643097476806	[4.558621125773958e-14]	[9753894548.569551]
2	ADENODEAMIN-RXN	[u'ADENODEAMIN-MONOMER[c]']	0.01886772403556057	[2.0890311114432578e-13]	[90318061479.34938]
2	RXN-14809-CPD-12045//ARABINOSE.21. (reverse)	[]	0.0	[]	[]
2	RXN-14142[CCO-PERI-BAC]-DGMP/WATER//DEOXYGUANOSINE/Pi.44.__ALKAPHOSPHA-CPLX	[u'ALKAPHOSPHA-CPLX[p]']	0.0	[2.1870228801765422e-14]	[0.0]
2	DSERDEAM-RXN (reverse)	[u'DSERDEAM-MONOMER[c]']	0.0	[8.443713637780956e-14]	[0.0]
2	RXN0-6973	[u'CPLX0-225[c]']	0.0	[2.1417633086894576e-15]	[0.0]
2	ABC-20-RXN	[u'MGTA-MONOMER[i]', u'ABC-20-CPLX[i]']	0.0	[1.619227885164793e-14, 2.8868260817883173e-16]	[0.0, 0.0]
2	DCTP-DEAM-RXN	[u'DCTP-DEAM-CPLX[c]']	0.0008285339986627325	[5.473920734546848e-14]	[15136024777.15311]
2	HISTIDPHOS-RXN[CCO-PERI-BAC]-L-HISTIDINOL-P/WATER//HISTIDINOL/Pi.50.	[u'ALKAPHOSPHA-CPLX[p]']	0.0	[2.1870228801765422e-14]	[0.0]
2	TRANS-RXN-29A	[u'CPLX0-7642[i]']	0.0	[1.7858568258185864e-13]	[0.0]
2	RXN0-6371	[u'G6437-MONOMER[p]']	0.0	[1.2651530472545282e-14]	[0.0]
2	TRANS-RXN-108G	[u'NUPC-MONOMER[i]', u'NUPG-MONOMER[i]']	0.0	[4.159426512086136e-13, 4.8316226762380505e-14]	[0.0, 0.0]
2	TRANS-RXN-108F	[u'NUPC-MONOMER[i]', u'NUPG-MONOMER[i]']	0.0	[4.159426512086136e-13, 4.8316226762380505e-14]	[0.0, 0.0]
2	TRANS-RXN-108E	[u'NUPC-MONOMER[i]', u'NUPG-MONOMER[i]']	0.0	[4.159426512086136e-13, 4.8316226762380505e-14]	[0.0, 0.0]
2	TRANS-RXN-108D	[u'NUPC-MONOMER[i]', u'NUPG-MONOMER[i]']	0.0	[4.159426512086136e-13, 4.8316226762380505e-14]	[0.0, 0.0]
2	TRANS-RXN-108C	[u'NUPC-MONOMER[i]', u'NUPG-MONOMER[i]']	0.0	[4.159426512086136e-13, 4.8316226762380505e-14]	[0.0, 0.0]
2	TRANS-RXN-108B	[u'NUPC-MONOMER[i]', u'NUPG-MONOMER[i]']	0.0	[4.159426512086136e-13, 4.8316226762380505e-14]	[0.0, 0.0]
2	TRANS-RXN-108A	[u'NUPC-MONOMER[i]', u'NUPG-MONOMER[i]']	0.0	[4.159426512086136e-13, 4.8316226762380505e-14]	[0.0, 0.0]
2	TRANS-RXN-108I	[u'NUPC-MONOMER[i]', u'NUPG-MONOMER[i]']	0.0	[4.159426512086136e-13, 4.8316226762380505e-14]	[0.0, 0.0]
2	TRANS-RXN-108H	[u'NUPC-MONOMER[i]', u'NUPG-MONOMER[i]']	0.0	[4.159426512086136e-13, 4.8316226762380505e-14]	[0.0, 0.0]
2	TRANS-RXN-20-CPD0-1107/PROTON//CPD0-1107/PROTON.35.	[u'FUCP-MONOMER[i]']	0.0	[2.484222113847881e-15]	[0.0]
2	METBALT-RXN	[u'O-SUCCHOMOSERLYASE-CPLX[c]']	0.0011818797047491577	[2.3414364411652815e-14]	[50476693877.75319]
2	TRANS-RXN0-569-LYS//LYS.9.	[u'G6458-MONOMER[i]']	0.0	[1.1969559596004097e-13]	[0.0]
2	RXN-13418	[u'CPLX0-225[c]']	0.0	[2.1417633086894576e-15]	[0.0]
2	TRANS-RXN-108-URIDINE/PROTON//URIDINE/PROTON.31.	[u'NUPG-MONOMER[i]']	0.0	[4.8316226762380505e-14]	[0.0]
2	ABC-35-RXN	[u'ABC-15-CPLX[i]', u'ABC-304-CPLX[i]']	0.035096862529599905	[1.0898430568248522e-13, 1.0338881393089021e-13]	[322035932695.21826, 339464795031.5036]
2	TRANS-RXN0-517-MALEATE/PROTON//MALEATE/PROTON.31.	[]	0.0	[]	[]
2	NADH-DEHYDROG-A-RXN-NADH/UBIQUINONE-8/PROTON//NAD/CPD-9956/PROTON.46.	[u'NADH-DHI-CPLX[i]']	0.0	[5.8706602407153e-14]	[0.0]
2	TRANS-RXN-106D-L-ASPARTATE/PROTON//L-ASPARTATE/PROTON.39.	[u'DCUB-MONOMER[i]', u'DCUA-MONOMER[i]']	0.0	[2.333080544184835e-15, 5.58789761321393e-13]	[0.0, 0.0]
2	ABC-12-RXN	[u'ABC-12-CPLX[i]']	0.2572708938490541	[1.1658171074463285e-13]	[2206786057656.975]
2	TRANS-RXN0-563 (reverse)	[]	0.0	[]	[]
2	TRANS-RXN0-244	[u'CPLX0-7641[i]']	0.0	[4.604683066204582e-14]	[0.0]
2	ABC-14-RXN	[u'ABC-14-CPLX[i]']	0.07232323950697148	[1.6289165829124364e-14]	[4439959680296.242]
2	DAPASYN-RXN (reverse)	[u'DAPASYN-CPLX[c]']	0.0001817149064778574	[1.6595330389703558e-13]	[1094976130.0962167]
2	ABC-4-RXN	[u'ABC-4-CPLX[i]', u'ABC-3-CPLX[i]']	0.3031794133823472	[9.454177131231255e-15, 1.4247396476761392e-14]	[32068302632157.58, 21279636169096.32]
2	TRANS-RXN-25-CPD0-1123/PROTON//CPD0-1123/PROTON.35.	[u'NANT-MONOMER[i]']	0.0	[2.565459306619343e-15]	[0.0]
2	GCVT-RXN	[u'GCVT-MONOMER[c]']	0.0	[3.6790880489362803e-13]	[0.0]
2	TRANS-RXN-35-CPD-12521/PROTON//CPD-12521/PROTON.35.	[u'EXUT-MONOMER[i]']	0.0	[2.5409416037905672e-14]	[0.0]
2	TRANS-RXN0-288-CYS-GLY/PROTON//CYS-GLY/PROTON.31.	[u'B1634-MONOMER[i]', u'B0709-MONOMER[i]', u'YJDL-MONOMER[i]', u'YHIP-MONOMER[i]']	0.1805436243833826	[4.0089469666413604e-14, 2.5517973804977886e-14, 2.450563683312948e-14, 1.9382973446113574e-14]	[4503517404587.657, 7075155173494.35, 7367432465142.199, 9314547372481.846]
2	RXN0-5227[CCO-PERI-BAC]-CPD0-1082/WATER//L-ALA-GAMMA-D-GLU-DAP/D-ALANINE.63.	[u'G7147-MONOMER[i]']	0.0	[1.1410395725423637e-12]	[0.0]
2	TRANS-RXN-108-THYMIDINE/PROTON//THYMIDINE/PROTON.35.	[u'NUPG-MONOMER[i]']	0.0	[4.8316226762380505e-14]	[0.0]
2	1.2.99.7-RXN-CPD-8490/FAD/WATER//CPD-3617/FADH2.35.	[]	0.0	[]	[]
2	TRANS-RXN0-547 (reverse)	[]	27.366386129711955	[]	[]
2	ABC-13-RXN	[u'ABC-13-CPLX[i]']	0.0	[4.0840851877477845e-14]	[0.0]
2	TRANS-RXN0-487	[u'G6999-MONOMER[i]']	0.0	[3.340871977065866e-15]	[0.0]
2	RXN0-361	[u'EG11082-MONOMER[c]', u'CPLX0-7904[c]', u'G6358-MONOMER[c]']	0.0	[1.3035920994224252e-13, 1.2445434753117348e-15, 1.9747336365493693e-13]	[0.0, 0.0, 0.0]
2	TRANS-RXN0-480	[]	0.0	[]	[]
2	RXN0-6550	[u'CPLX0-1541[c]']	0.001876885743520503	[1.008394541153334e-12]	[1861261308.8661182]
2	TRANS-RXN-8	[u'EG11167-MONOMER[i]', u'FEOB-MONOMER[i]']	0.013660366850349763	[1.6452866754175332e-13, 2.3233268939293626e-13]	[83027274544.01282, 58796576951.96932]
2	TRANS-RXN0-563	[]	0.0	[]	[]
2	TRANS-RXN0-562	[u'G7504-MONOMER[i]', u'EG11939-MONOMER[i]']	0.0	[1.669734393719875e-14, 4.5453526455388036e-13]	[0.0, 0.0]
2	TRANS-RXN-30-XYLOSE/PROTON//XYLOSE/PROTON.29.	[u'XYLE-MONOMER[i]']	0.0	[3.595417157422805e-14]	[0.0]
2	TRANS-RXN-129	[u'CPLX0-7629[i]']	0.0	[5.08040272812719e-14]	[0.0]
2	TRANS-RXN0-567	[]	0.0	[]	[]
2	TRANS-RXN-106D-SUC/PROTON//SUC/PROTON.23.	[u'DCUB-MONOMER[i]', u'DCUA-MONOMER[i]']	0.0	[2.333080544184835e-15, 5.58789761321393e-13]	[0.0, 0.0]
2	TRANS-RXN-125	[]	0.07018669625294338	[]	[]
2	TRANS-RXN-126	[u'BRNQ-MONOMER[i]']	0.18746103377497647	[1.0660197278799246e-13]	[1758513739213.7634]
2	TRANS-RXN-2	[u'ATPASE-1-CPLX[i]']	0.0	[0.0]	[nan]
2	TRANS-RXN-121	[u'DCTA-MONOMER[i]']	0.0	[6.329903401382683e-14]	[0.0]
2	TRANS-RXN-122	[u'GLTP-MONOMER[i]', u'DCTA-MONOMER[i]']	0.0	[8.401553530723625e-14, 6.329903401382683e-14]	[0.0, 0.0]
2	RXN-11637	[u'G7641-MONOMER[c]']	0.0	[2.2238834867820674e-13]	[0.0]
2	SELENOCYSTEINE-LYASE-RXN	[u'CPLX0-246[c]']	0.0	[2.983315392422637e-13]	[0.0]
2	RXN0-5114[CCO-PERI-BAC]-3-P-SERINE/WATER//SER/Pi.39.	[u'APHA-CPLX[p]', u'ALKAPHOSPHA-CPLX[p]']	0.0	[1.4027923685454618e-14, 2.1870228801765422e-14]	[0.0, 0.0]
2	TRANS-RXN0-288-CPD0-1944/PROTON//CPD0-1944/PROTON.35.	[u'B1634-MONOMER[i]', u'B0709-MONOMER[i]', u'YJDL-MONOMER[i]', u'YHIP-MONOMER[i]']	0.0	[4.0089469666413604e-14, 2.5517973804977886e-14, 2.450563683312948e-14, 1.9382973446113574e-14]	[0.0, 0.0, 0.0, 0.0]
2	ASNSYNA-RXN__ASNSYNA-CPLX	[u'ASNSYNA-CPLX[c]']	0.22464319156949966	[1.7684599683277752e-13]	[1270275808289.3916]
2	RXN-14325	[u'CTPSYN-CPLX[c]']	0.05675758443988892	[4.946508329248292e-13]	[114742724891.9931]
2	NAD-SYNTH-NH3-RXN	[u'NAD-SYNTH-CPLX[c]']	0.017967513554141643	[1.07481914352e-12]	[16716778504.054724]
2	TRANS-RXN-82	[u'B2170-MONOMER[i]', u'B0070-MONOMER[i]']	0.0	[6.4968683448235094e-15, 1.422827177678684e-14]	[0.0, 0.0]
2	RXN-14026[CCO-CYTOSOL]-CMP/WATER//CYTIDINE/Pi.36.	[u'ALKAPHOSPHA-CPLX[p]', u'EG10634-MONOMER[c]', u'EG12115-MONOMER[c]', u'EG11817-MONOMER[c]']	0.0	[2.1870228801765422e-14, 6.639969284124184e-13, 8.868500764621727e-14, 8.69994122212746e-14]	[0.0, 0.0, 0.0, 0.0]
2	TRANS-RXN-108-CYTIDINE/PROTON//CYTIDINE/PROTON.33.	[u'NUPG-MONOMER[i]']	0.0	[4.8316226762380505e-14]	[0.0]
2	RXN-14473-GMP/WATER//GUANOSINE/Pi.24.	[u'APHA-CPLX[p]']	0.0	[1.4027923685454618e-14]	[0.0]
2	RXN0-2501	[u'CPLX0-7961[i]']	0.0	[1.0531534106017332e-14]	[0.0]
2	TRANS-RXN0-569-ASN//ASN.9.	[u'G6458-MONOMER[i]']	0.0028778290021328895	[1.1969559596004097e-13]	[24042897978.415348]
2	DIMESULFREDUCT-RXN-CPD-7670/CPD-9728/WATER//DMSO/REDUCED-MENAQUINONE.50. (reverse)	[u'DIMESULFREDUCT-CPLX[i]']	0.005090712386436874	[3.2118887280888236e-15]	[1584959136945.5723]
2	RXN0-1981	[]	0.0	[]	[]
2	ABC-63-RXN	[u'ABC-63-CPLX[i]']	0.0	[1.7057095346668264e-14]	[0.0]
2	GLUTDEHYD-RXN__GDHA-CPLX	[u'GDHA-CPLX[c]']	0.2243204844201407	[2.0939056345995237e-12]	[107130178511.14565]
2	TRANS-RXN-106D-ENOL-OXALOACETATE/PROTON//ENOL-OXALOACETATE/PROTON.51.	[u'DCUB-MONOMER[i]', u'DCUA-MONOMER[i]']	0.0	[2.333080544184835e-15, 5.58789761321393e-13]	[0.0, 0.0]
2	TRANS-RXN-10-CPD-12045/PROTON//CPD-12045/PROTON.35.	[u'ARAE-MONOMER[i]']	0.0	[3.5823603581722645e-15]	[0.0]
2	1.2.99.7-RXN-CPD-8490/FAD/WATER//CPD-3617/FADH2.35. (reverse)	[]	0.0	[]	[]
2	TRANS-RXN-122A	[u'GLTP-MONOMER[i]', u'DCTA-MONOMER[i]']	0.0	[8.401553530723625e-14, 6.329903401382683e-14]	[0.0, 0.0]
2	1.2.99.7-RXN-ACETALD/FAD/WATER//ACET/FADH2.30.	[]	0.0	[]	[]
2	RXN-11319	[u'THIH-MONOMER[c]', u'CPLX0-3949[c]']	0.0004049482482530743	[1.0934564491913504e-12, 1.2331673900193702e-13]	[370337793.10785335, 3283806006.63397]
2	ABC-26-RXN	[u'ABC-26-CPLX[i]']	0.0	[4.257906874989054e-14]	[0.0]
2	TRANS-RXN0-561	[]	0.0	[]	[]
2	TRANS-RXN0-569-MET//MET.9.	[u'G6458-MONOMER[i]']	0.0	[1.1969559596004097e-13]	[0.0]
2	TRANS-RXN0-569-TRP//TRP.9.	[u'G6458-MONOMER[i]']	0.0	[1.1969559596004097e-13]	[0.0]
2	TRANS-RXN-108-CPD0-1312/PROTON//CPD0-1312/PROTON.35.	[u'NUPG-MONOMER[i]']	0.0	[4.8316226762380505e-14]	[0.0]
2	TRANS-RXN0-560	[]	0.0	[]	[]
2	RXN-13854	[u'NITRITREDUCT-CPLX[c]']	0.0	[1.8838059564391313e-15]	[0.0]
2	TRANS-RXN-108-CPD0-1319/PROTON//CPD0-1319/PROTON.35.	[u'NUPG-MONOMER[i]']	0.0	[4.8316226762380505e-14]	[0.0]
2	ABC-70-RXN	[u'ABC-7-CPLX[i]', u'ABC-70-CPLX[i]']	0.11393401651861307	[1.7192793970758153e-13, 1.5701182216105616e-13]	[662684707979.368, 725639731776.0208]
2	TRANS-RXN0-537 (reverse)	[u'CPLX0-7654[i]']	-4.090405131110523e-18	[2.129974237909448e-13]	[-1.9204012228454094e-05]
2	ASNSYNA-RXN__ASNSYNB-CPLX	[u'ASNSYNB-CPLX[c]']	0.005733851779528903	[4.949275761247853e-13]	[11585233994.080856]
2	RXN0-16	[u'EG11167-MONOMER[i]']	0.0014213472967153937	[1.6452866754175332e-13]	[8638903590.188566]
2	RXN0-5268-CPD-9956/OXYGEN-MOLECULE/PROTON//UBIQUINONE-8/WATER/PROTON.59.	[u'CYT-O-UBIOX-CPLX[i]']	44.99058996881367	[1.0518775879346272e-12]	[42771697472091.945]
2	RXN-12458	[u'CPLX0-3950[c]']	0.0	[9.119470853428703e-14]	[0.0]
2	TRANS-RXN0-288-CPD-13404/PROTON//CPD-13404/PROTON.35.	[u'B1634-MONOMER[i]', u'B0709-MONOMER[i]', u'YJDL-MONOMER[i]', u'YHIP-MONOMER[i]']	0.0	[4.0089469666413604e-14, 2.5517973804977886e-14, 2.450563683312948e-14, 1.9382973446113574e-14]	[0.0, 0.0, 0.0, 0.0]
2	TRANS-RXN0-569-ILE//ILE.9.	[u'G6458-MONOMER[i]']	-6.175017101189554e-18	[1.1969559596004097e-13]	[-5.15893425456607e-05]
2	TRANS-RXN-1	[u'CPLX0-7843[i]']	4.827089438969713	[7.789627440891449e-15]	[619681682544922.6]
2	TRANS-RXN0-567 (reverse)	[]	0.05052454435269506	[]	[]
2	TRANS-RXN-265	[u'CPLX0-8152[i]']	0.0	[1.899464558671579e-13]	[0.0]
2	OHMETHYLBILANESYN-RXN	[u'OHMETHYLBILANESYN-MONOMER[c]']	0.0008893704585526722	[3.9816084781785037e-13]	[2233696415.4736257]
2	TRANS-RXN-3	[u'TRKH-MONOMER[i]', u'TRKG-MONOMER[i]']	0.029878047874486384	[4.136902542875649e-14, 3.0793648285990395e-14]	[722232336024.9507, 970266582153.5487]
2	TRANS-RXN-261	[u'XASA-MONOMER[i]']	0.5069099593640137	[5.462741407460725e-14]	[9279406099503.498]
2	RXN0-6563 (reverse)	[u'LTAA-CPLX[c]']	0.0	[1.0666753098630812e-13]	[0.0]
2	TRANS-RXN0-206 (reverse)	[u'CPLX0-7532[i]']	0.0	[1.0490893686970738e-14]	[0.0]
2	RXN0-1924	[u'EG12445-MONOMER[i]', u'EG11639-MONOMER[i]']	0.0	[1.6954236110962747e-14, 5.906998193910743e-14]	[0.0, 0.0]
2	RXN-11193-D-GLT/CPD-9728/WATER//AMMONIUM/2-KETOGLUTARATE/REDUCED-MENAQUINONE.67.	[u'DALADEHYDROG-CPLX[i]']	0.0	[5.099195154949963e-14]	[0.0]
2	DALADEHYDROG-RXN-D-ALANINE/CPD-9728/WATER//AMMONIUM/PYRUVATE/REDUCED-MENAQUINONE.64.	[u'DALADEHYDROG-CPLX[i]']	0.0	[5.099195154949963e-14]	[0.0]
2	TRANS-RXN0-517-FUM/PROTON//FUM/PROTON.23.	[]	0.0	[]	[]
2	TRANS-RXN0-569-VAL//VAL.9.	[u'G6458-MONOMER[i]']	0.0	[1.1969559596004097e-13]	[0.0]
2	NICOTINAMID-RXN	[u'NICOTINAMID-MONOMER[c]']	0.0	[3.2445812133623207e-13]	[0.0]
2	5-NUCLEOTID-RXN[CCO-PERI-BAC]-GMP/WATER//GUANOSINE/Pi.38.	[u'USHA-MONOMER[p]', u'APHA-CPLX[p]']	0.0	[2.37913731183953e-13, 1.4027923685454618e-14]	[0.0, 0.0]
2	TRANS-RXN-108-XANTHOSINE/PROTON//XANTHOSINE/PROTON.37.	[u'NUPG-MONOMER[i]']	0.0	[4.8316226762380505e-14]	[0.0]
2	ASPARAGHYD-RXN[CCO-CYTOSOL]-ASN/WATER//L-ASPARTATE/AMMONIUM.45.	[u'ANSA-CPLX[c]']	0.0	[1.0280195494202416e-13]	[0.0]
2	ASPARTASE-RXN	[u'ASPARTASE-CPLX[c]']	0.1556738315417617	[3.5260402245713476e-14]	[4414976053220.907]
2	DAPASYN-RXN	[u'DAPASYN-CPLX[c]']	0.0002715025077061619	[1.6595330389703558e-13]	[1636017490.0441482]
2	1.2.99.7-RXN-CPD-665/FAD/WATER//PROPIONATE/FADH2.36.	[]	0.0	[]	[]
2	CYSTATHIONINE-BETA-LYASE-RXN	[u'CYSTATHIONINE-BETA-LYASE-CPLX[c]', u'CPLX0-8092[c]']	0.0	[2.1924781209356725e-13, 2.430410136904014e-14]	[0.0, 0.0]
2	TRANS-RXN0-212	[u'CADB-MONOMER[i]']	0.0	[7.702294918196583e-16]	[0.0]
2	1.2.99.7-RXN-BENZALDEHYDE/FAD/WATER//BENZOATE/FADH2.39.	[]	0.0	[]	[]
2	TRANS-RXN-162	[u'GLTP-MONOMER[i]']	0.15430825633901535	[8.401553530723625e-14]	[1836663371538.6777]
2	RXN-8675	[u'SIROHEMESYN-CPLX[c]']	0.000444643097476806	[4.558621125773958e-14]	[9753894548.569551]
2	INORGPYROPHOSPHAT-RXN[CCO-PERI-BAC]-PPI/WATER//Pi/PROTON.35.	[u'ALKAPHOSPHA-CPLX[p]']	0.0	[2.1870228801765422e-14]	[0.0]
2	TRANS-RXN0-569-ARG//ARG.9.	[u'G6458-MONOMER[i]']	-1.5944272723515104e-19	[1.1969559596004097e-13]	[-1.3320684521122999e-06]
2	TRANS-RXN-108-DEOXYADENOSINE/PROTON//DEOXYADENOSINE/PROTON.45.	[u'NUPG-MONOMER[i]']	0.0	[4.8316226762380505e-14]	[0.0]
2	ADDALT-RXN	[u'ADENODEAMIN-MONOMER[c]']	0.005469369005067319	[2.0890311114432578e-13]	[26181366927.028065]
2	RXN-14808-CPD-15699//ARABINOSE.21.	[]	0.0	[]	[]
2	ALLANTOATE-DEIMINASE-RXN	[u'CPLX-7524[c]']	0.0	[1.123082255455057e-14]	[0.0]
2	TRANS-RXN0-517-L-ASPARTATE/PROTON//L-ASPARTATE/PROTON.39.	[]	0.0	[]	[]
2	RXN-11475-MALONYL-ACP/S-ADENOSYLMETHIONINE//Malonyl-acp-methyl-ester/ADENOSYL-HOMO-CYS.77.	[u'EG10119-MONOMER[c]']	8.978760122830454e-05	[7.309369180339091e-14]	[1228390563.0299437]
2	TRANS-RXN-108-CPD0-1321/PROTON//CPD0-1321/PROTON.35.	[u'NUPG-MONOMER[i]']	0.0	[4.8316226762380505e-14]	[0.0]
2	TRANS-RXN-10-CPD-15699/PROTON//CPD-15699/PROTON.35.	[u'ARAE-MONOMER[i]']	0.0	[3.5823603581722645e-15]	[0.0]
2	5-NUCLEOTID-RXN[CCO-PERI-BAC]-IMP/WATER//INOSINE/Pi.36.	[u'USHA-MONOMER[p]', u'APHA-CPLX[p]']	0.19751022485383646	[2.37913731183953e-13, 1.4027923685454618e-14]	[830175811505.0667, 14079790372586.102]
2	TRANS-RXN0-451	[u'DCTA-MONOMER[i]']	0.0	[6.329903401382683e-14]	[0.0]
2	TRANS-RXN0-453	[u'G6859-MONOMER[i]']	0.0	[2.3008509953543746e-14]	[0.0]
2	TRANS-RXN-25-CPD0-1122/PROTON//CPD0-1122/PROTON.35.	[u'NANT-MONOMER[i]']	0.0	[2.565459306619343e-15]	[0.0]
2	TRANS-RXN0-454	[u'ABC-58-CPLX[i]']	0.0	[1.1755478656475644e-15]	[0.0]
2	TRANS-RXN0-459	[]	8.978760122830454e-05	[]	[]
2	RXN0-6563	[u'LTAA-CPLX[c]']	0.0	[1.0666753098630812e-13]	[0.0]
2	TRANS-RXN-108-DEOXYGUANOSINE/PROTON//DEOXYGUANOSINE/PROTON.45.	[u'NUPG-MONOMER[i]']	0.0	[4.8316226762380505e-14]	[0.0]
2	TRANS-RXN0-515	[u'B2975-MONOMER[i]', u'LCTP-MONOMER[i]']	0.0	[2.044024512908949e-14, 2.2294341416321153e-14]	[0.0, 0.0]
2	TRANS-RXN-114	[u'PITA-MONOMER[i]', u'PITB-MONOMER[i]']	2.3299546417904873	[1.6275020641296587e-13, 1.15649901893151e-15]	[14316139396336.066, 2014662013239867.2]
2	THTOREDUCT-RXN (reverse)	[]	0.0	[]	[]
2	TRANS-RXN0-569-L-ASPARTATE//L-ASPARTATE.25.	[u'G6458-MONOMER[i]']	1.318785794163878	[1.1969559596004097e-13]	[11017830552463.6]
2	TRANS-RXN0-569-GLN//GLN.9.	[u'G6458-MONOMER[i]']	0.0	[1.1969559596004097e-13]	[0.0]
2	TRANS-RXN-126B	[u'BRNQ-MONOMER[i]']	0.39801121881662255	[1.0660197278799246e-13]	[3733619635803.3457]
2	TRANS-RXN-126A	[u'BRNQ-MONOMER[i]']	0.3765859372950161	[1.0660197278799246e-13]	[3532635723768.0913]
2	TRANS-RXN-118	[u'PUTP-MONOMER[i]']	0.0	[2.4908866386305803e-13]	[0.0]
2	TRANS-RXN-58	[u'LYSP-MONOMER[i]']	0.3376038021863359	[6.321406369105131e-13]	[534064387691.1961]
2	TRANS-RXN0-585	[u'G7138-MONOMER[i]']	0.0	[1.4632553906583847e-14]	[0.0]
2	RXN-14992	[u'EG12424-MONOMER[c]']	0.0	[2.935072362023861e-14]	[0.0]
2	TRANS-RXN-57	[u'GABP-MONOMER[i]']	0.5069099593640137	[1.497445321720067e-14]	[33851650675414.484]
2	TRANS-RXN-56	[u'AROP-MONOMER[i]', u'PHEP-MONOMER[i]']	0.1141266341215644	[1.385379491886887e-13, 5.4385722819742547e-14]	[823793298442.1757, 2098466807177.1094]
2	SELENOCYSTEINE-LYASE-RXN (reverse)	[u'CPLX0-246[c]']	0.0	[2.983315392422637e-13]	[0.0]
2	TRANS-RXN-35-CPD-14488/PROTON//CPD-14488/PROTON.35.	[u'EXUT-MONOMER[i]']	0.0	[2.5409416037905672e-14]	[0.0]
2	5-NUCLEOTID-RXN[CCO-CYTOSOL]-CMP/WATER//CYTIDINE/Pi.36.	[u'EG11817-MONOMER[c]', u'EG12115-MONOMER[c]', u'EG10634-MONOMER[c]']	1.314130141516391e-05	[8.69994122212746e-14, 8.868500764621727e-14, 6.639969284124184e-13]	[151050462.06220657, 148179514.93658617, 19791208.140953403]
2	TRANS-RXN0-569-PHE//PHE.9.	[u'G6458-MONOMER[i]']	0.0	[1.1969559596004097e-13]	[0.0]
2	1.2.99.7-RXN-HYDRPHENYLAC-CPD/FAD/WATER//3-HYDROXYPHENYLACETATE/FADH2.57.	[]	0.0	[]	[]
2	ADENOSYLHOMOCYSTEINE-NUCLEOSIDASE-RXN	[u'CPLX0-1541[c]']	0.03303418232286499	[1.008394541153334e-12]	[32759184004.588825]
2	PYRIMSYN1-RXN	[u'THIC-MONOMER[c]']	0.0004049482482530743	[1.7949566489485744e-12]	[225603358.43780932]
2	RXN-12275-Reduced-hydrogenase-3/PROTON//Oxidized-hydrogenase-3/HYDROGEN-MOLECULE.71.	[u'HYDROG3-CPLX[i]', u'FHLMULTI-CPLX[i]']	0.0	[3.1939143598871446e-16, 4.2792968616135475e-16]	[0.0, 0.0]
2	NMNAMIDOHYDRO-RXN	[u'CPLXECOLI-7943[c]']	0.003857580191011238	[7.70757712831147e-14]	[50049193498.71408]
2	TRANS-RXN-35-CPD-15530/PROTON//CPD-15530/PROTON.35.	[u'EXUT-MONOMER[i]']	0.0	[2.5409416037905672e-14]	[0.0]
2	TRANS-RXN-29	[u'CPLX0-7642[i]']	0.21582780359239576	[1.7858568258185864e-13]	[1208539231544.8713]
2	1.2.99.7-RXN-HYDRPHENYLAC-CPD/FAD/WATER//3-HYDROXYPHENYLACETATE/FADH2.57. (reverse)	[]	0.0	[]	[]
2	TRANS-RXN-24	[u'LACY-MONOMER[i]']	0.0	[1.5922502172121315e-14]	[0.0]
2	TRANS-RXN-26	[]	0.0	[]	[]
2	RXN-14142[CCO-PERI-BAC]-DGMP/WATER//DEOXYGUANOSINE/Pi.44.__APHA-CPLX	[u'APHA-CPLX[p]']	0.0	[1.4027923685454618e-14]	[0.0]
2	RXN-16002	[]	0.0	[]	[]
2	GLYCOLALDREDUCT-RXN (reverse)	[u'LACTALDREDUCT-CPLX[c]']	0.0	[2.097705549990726e-14]	[0.0]
2	TRANS-RXN0-569-HIS//HIS.9.	[u'G6458-MONOMER[i]']	0.0	[1.1969559596004097e-13]	[0.0]
2	TRANS-RXN-106D-CPD-660/PROTON//CPD-660/PROTON.31.	[u'DCUB-MONOMER[i]', u'DCUA-MONOMER[i]']	0.0	[2.333080544184835e-15, 5.58789761321393e-13]	[0.0, 0.0]
2	RXN-14473-IMP/WATER//INOSINE/Pi.22.	[u'APHA-CPLX[p]']	0.0	[1.4027923685454618e-14]	[0.0]
2	RXN0-2501 (reverse)	[u'CPLX0-7961[i]']	0.005637174007203414	[1.0531534106017332e-14]	[535266177790.9963]
2	TRANS-RXN-40-ARABINOSE/PROTON//ARABINOSE/PROTON.35.	[u'YDEA-MONOMER[i]']	0.0	[4.143601045033801e-14]	[0.0]
2	ABC-27-RXN	[u'ABC-27-CPLX[i]']	0.2940629069104573	[2.808561214510848e-14]	[10470233135426.697]
2	TRANS-RXN-108-ADENOSINE5TRIPHOSPHO5ADENOSINE/PROTON//ADENOSINE5TRIPHOSPHO5ADENOSINE/PROTON.77.	[u'NUPG-MONOMER[i]']	0.0	[4.8316226762380505e-14]	[0.0]
2	TRANS-RXN0-288-CPD-13394/PROTON//CPD-13394/PROTON.35.	[u'B1634-MONOMER[i]', u'B0709-MONOMER[i]', u'YJDL-MONOMER[i]', u'YHIP-MONOMER[i]']	0.0	[4.0089469666413604e-14, 2.5517973804977886e-14, 2.450563683312948e-14, 1.9382973446113574e-14]	[0.0, 0.0, 0.0, 0.0]
2	TRANS-RXN0-517-SUC/PROTON//SUC/PROTON.23.	[]	0.0	[]	[]
2	DSERDEAM-RXN	[u'DSERDEAM-MONOMER[c]']	0.037174540004803434	[8.443713637780956e-14]	[440262917473.5142]
2	TRANS-RXN-121B	[u'DCTA-MONOMER[i]']	0.0	[6.329903401382683e-14]	[0.0]
2	TRANS-RXN-121A	[u'DCTA-MONOMER[i]']	0.0	[6.329903401382683e-14]	[0.0]
2	DARABALDOL-RXN (reverse)	[u'CPLX0-7633[c]']	0.0	[1.2007337822213627e-15]	[0.0]
2	GLYCOLATEDEHYDRO-RXN	[u'CPLX0-7458[i]']	0.3264617113432338	[3.989087143894301e-15]	[81838701328677.73]
2	TRANS-RXN-112-RHAMNOSE/PROTON//RHAMNOSE/PROTON.33.	[u'RHAT-MONOMER[i]']	0.0	[8.275931587005586e-15]	[0.0]
2	RXN-14480 (reverse)	[u'G6364-MONOMER[c]']	0.0	[3.9254094049266327e-13]	[0.0]
2	TRANS-RXN0-490	[u'CPLX0-7534[e]', u'CPLX0-2221[e]', u'CPLX0-7533[e]', u'CPLX0-7530[e]']	0.0	[2.1289649119719846e-11, 8.40569206501962e-13, 6.371002167017814e-12, 2.854451749492454e-16]	[0.0, 0.0, 0.0, 0.0]
2	TRANS-RXN0-517-MAL/PROTON//MAL/PROTON.23.	[]	0.0	[]	[]
2	TRANS-RXN0-554	[u'YCHM-MONOMER[i]']	0.001414703229967792	[2.4726660891903738e-14]	[57213678634.26351]
2	1.2.99.7-RXN-ACETALD/FAD/WATER//ACET/FADH2.30. (reverse)	[]	0.0	[]	[]
2	TRANS-RXN0-556	[]	0.0004049482482530743	[]	[]
2	RXN-7609[CCO-PERI-BAC]-GMP/WATER//GUANOSINE/Pi.38.__G7742-MONOMER	[u'G7742-MONOMER[c]']	0.020316732939607764	[1.317227334342221e-13]	[154238622369.26062]
2	TRANS-RXN0-222	[u'ABC-13-CPLX[i]']	0.0	[4.0840851877477845e-14]	[0.0]
2	TRANS-RXN0-552	[]	0.0011250292792861166	[]	[]
2	TRANS-RXN0-553	[]	0.0	[]	[]
2	TRANS-RXN-157	[u'CPLX-154[i]', u'CPLX-165[i]', u'CPLX-157[i]']	14.047657045023637	[4.147984368701956e-14, 2.2856957977142007e-13, 1.8140877332400337e-12]	[338662246439940.7, 61458996683075.37, 7743648108977.595]
2	TRANS-RXN0-517-CPD-660/PROTON//CPD-660/PROTON.31.	[]	0.0	[]	[]
2	TRANS-RXN0-568-D-LACTATE//D-LACTATE.21. (reverse)	[]	0.0	[]	[]
2	RXN0-5388-NADH/CPD-9728/PROTON//NAD/REDUCED-MENAQUINONE/PROTON.53.	[u'NADH-DHI-CPLX[i]']	67.98381746453354	[5.8706602407153e-14]	[1158026775132368.8]
2	TRANS-RXN0-0244	[u'EG12134-MONOMER[i]', u'RHTC-MONOMER[i]']	0.0	[2.517081132499593e-14, 1.4426448586558807e-13]	[0.0, 0.0]
2	TRANS-RXN-131 (reverse)	[u'CPLX0-7654[i]']	0.0	[2.129974237909448e-13]	[0.0]
2	RXN0-1081	[u'CPLX0-901[c]']	0.0	[3.231080679115384e-14]	[0.0]
2	TRANS-RXN-108-DEOXYCYTIDINE/PROTON//DEOXYCYTIDINE/PROTON.43.	[u'NUPG-MONOMER[i]']	0.0	[4.8316226762380505e-14]	[0.0]
2	TRANS-RXN0-288-CPD-13397/PROTON//CPD-13397/PROTON.35.	[u'B1634-MONOMER[i]', u'B0709-MONOMER[i]', u'YJDL-MONOMER[i]', u'YHIP-MONOMER[i]']	0.0	[4.0089469666413604e-14, 2.5517973804977886e-14, 2.450563683312948e-14, 1.9382973446113574e-14]	[0.0, 0.0, 0.0, 0.0]
2	1.2.99.7-RXN-METHYL-GLYOXAL/FAD/WATER//PYRUVATE/FADH2.41. (reverse)	[]	0.0	[]	[]
2	RXN-12618	[]	0.1805436243833826	[]	[]
2	TRANS-RXN0-288-CPD-13401/PROTON//CPD-13401/PROTON.35.	[u'B1634-MONOMER[i]', u'B0709-MONOMER[i]', u'YJDL-MONOMER[i]', u'YHIP-MONOMER[i]']	0.0	[4.0089469666413604e-14, 2.5517973804977886e-14, 2.450563683312948e-14, 1.9382973446113574e-14]	[0.0, 0.0, 0.0, 0.0]
2	RXN0-2421	[u'YFEP-MONOMER[i]']	0.001772696649250087	[3.159879872226971e-13]	[5610012788.241705]
2	TRANS-RXN0-569-SER//SER.9.	[u'G6458-MONOMER[i]']	-3.750463807016493e-18	[1.1969559596004097e-13]	[-3.1333348373724155e-05]
2	GLYOXYLATE-REDUCTASE-NADP+-RXN__CPLX0-235	[u'CPLX0-235[i]']	4.752448446827208	[1.763700986749814e-12]	[2694588528628.723]
2	DALADEHYDROG-RXN-D-ALANINE/UBIQUINONE-8/WATER//AMMONIUM/PYRUVATE/CPD-9956.57.	[u'DALADEHYDROG-CPLX[i]']	0.0	[5.099195154949963e-14]	[0.0]
2	TRANS-RXN-20-CPD-10329/PROTON//CPD-10329/PROTON.35.	[u'FUCP-MONOMER[i]']	0.0	[2.484222113847881e-15]	[0.0]
2	H2NEOPTERINALDOL-RXN	[u'CPLX0-3936[c]']	0.0008298891360073622	[1.5019263991508615e-14]	[55254980302.400536]
2	TRANS-RXN-68	[u'CADB-MONOMER[i]']	0.0	[7.702294918196583e-16]	[0.0]
2	TRANS-RXN-69	[u'YEEF-MONOMER[i]', u'POTE-MONOMER[i]', u'B1296-MONOMER[i]']	0.0	[3.722549499485347e-13, 3.9251867927313556e-14, 6.389819256094723e-14]	[0.0, 0.0, 0.0]
2	RXN0-12	[u'EG11167-MONOMER[i]']	0.0007376736136793828	[1.6452866754175332e-13]	[4483556724.193244]
2	TRANS-RXN-99	[u'BETT-MONOMER[i]']	0.0	[1.9815928380028975e-14]	[0.0]
2	TRANS-RXN0-288-CPD-10814/PROTON//CPD-10814/PROTON.35.	[u'B1634-MONOMER[i]', u'B0709-MONOMER[i]', u'YJDL-MONOMER[i]', u'YHIP-MONOMER[i]']	0.0	[4.0089469666413604e-14, 2.5517973804977886e-14, 2.450563683312948e-14, 1.9382973446113574e-14]	[0.0, 0.0, 0.0, 0.0]
2	TRANS-RXN0-474	[]	45.47604600425107	[]	[]
2	RIBOFLAVINSYNDEAM-RXN	[u'CPLX0-7659[c]']	0.0009507394638280664	[5.70385933620113e-14]	[16668353965.076487]
2	RXN0-6371 (reverse)	[u'G6437-MONOMER[p]']	0.0	[1.2651530472545282e-14]	[0.0]
2	ABC-3-RXN	[u'ABC-3-CPLX[i]']	0.0	[1.4247396476761392e-14]	[0.0]
2	1.2.99.7-RXN-BENZALDEHYDE/FAD/WATER//BENZOATE/FADH2.39. (reverse)	[]	0.0	[]	[]
2	RXN0-7077-ALPHA-GLUCOSE/PROTON//ALPHA-GLUCOSE/PROTON.43.	[u'GALP-MONOMER[i]']	0.0	[1.701942950825947e-13]	[0.0]
2	TRANS-RXN0-569-GLT//GLT.9.	[u'G6458-MONOMER[i]']	0.0	[1.1969559596004097e-13]	[0.0]
2	TRANS-RXN0-288-CPD-13393/PROTON//CPD-13393/PROTON.35.	[u'B1634-MONOMER[i]', u'B0709-MONOMER[i]', u'YJDL-MONOMER[i]', u'YHIP-MONOMER[i]']	0.0	[4.0089469666413604e-14, 2.5517973804977886e-14, 2.450563683312948e-14, 1.9382973446113574e-14]	[0.0, 0.0, 0.0, 0.0]
2	RXN0-18	[u'YICM-MONOMER[i]']	0.0	[5.638082054073615e-14]	[0.0]
2	RXN-7609[CCO-PERI-BAC]-GMP/WATER//GUANOSINE/Pi.38.__APHA-CPLX	[u'APHA-CPLX[p]']	0.011129526541932689	[1.4027923685454618e-14]	[793383738854.579]
2	RXN0-280-CPD-3745/FMNH2/OXYGEN-MOLECULE//GLYCOLALDEHYDE/SO3/FMN/WATER/PROTON.68.	[u'CPLX0-225[c]']	0.0	[2.1417633086894576e-15]	[0.0]
2	LCYSDESULF-RXN	[u'CYSTATHIONINE-BETA-LYASE-CPLX[c]', u'ACSERLYA-CPLX[c]', u'CYSSYNMULTI-CPLX[c]', u'ACSERLYB-CPLX[c]', u'CPLX0-8092[c]', u'TRYPTOPHAN-CPLX[c]']	0.0	[2.1924781209356725e-13, 7.249465077056194e-12, 5.310969089864074e-14, 5.0385004914992e-13, 2.430410136904014e-14, 9.245304562137149e-15]	[0.0, 0.0, 0.0, 0.0, 0.0, 0.0]
