"Amino acid"	"Enzymes"	"kcat (1/units.s)"	"KI, lower bound (units.mmol/units.L)"	"KI, upper bound (units.mmol/units.L)"	"Reverse amino acids"	"KM, reverse (units.mmol/units.L)"	"KM, degradation (units.mmol/units.L)"	"Upstream amino acids"	"KM, upstream (units.mmol/units.L)"	"Downstream amino acids"	"_notes"
"ARG"	["N-ACETYLTRANSFER-CPLX"]	654	0.15	0.15	{"GLT": 2}	{}	NaN	{"L-ASPARTATE": 1, "GLT": 2}	{"GLT": 2.65}	{}	ArgA, Takahara 2007 from EcoCyc for upstream KM
"ASN"	["ASNSYNA-CPLX"]	NaN	0.12	0.12	{"L-ASPARTATE": 1}	{}	NaN	{"L-ASPARTATE": 1}	{"L-ASPARTATE": 2.5}	{}	AsnA
"CYS"	["CYSSYNMULTI-CPLX", "CPLX0-237"]	772	0.001	0.001	{"GLT": 1}	{}	NaN	{"SER": 1}	{}	{"MET": 1}	CysE
"HIS"	["CPLX0-7614"]	NaN	0.012	0.1	{}	{}	NaN	{"GLN": 1}	{}	{}	HisG
"ILE"	["THREDEHYDSYN-CPLX"]	NaN	0.06	0.06	{"GLT": 1}	{}	NaN	{"GLT": 1, "THR": 1}	{"THR": 0.293}	{}	IlvA
"LEU"	["2-ISOPROPYLMALATESYN-MONOMER"]	NaN	0.28	0.28	{"GLT": 1}	{}	NaN	{"GLT": 1}	{"GLT": 40}	{}	LeuA
"LYS"	["DIHYDRODIPICSYN-CPLX"]	104	0.21	3.9	{"GLT": 2}	{}	NaN	{"L-ASPARTATE": 1, "GLT": 1}	{"GLT": 40}	{}	DapA
"MET"	["HOMSUCTRAN-CPLX"]	22	0.1	4	{}	{}	NaN	{"L-ASPARTATE": 1, "CYS": 1}	{}	{}	MetA
"PHE"	["CHORISMUTPREPHENDEHYDRAT-CPLX"]	32	0.1	0.6	{"GLT": 1}	{}	NaN	{"GLT": 1}	{"GLT": 40}	{}	PheA
"PRO"	["GLUTKIN-CPLX"]	53	0.02	0.15	{"GLT": 1}	{}	NaN	{"GLT": 1}	{"GLT": 24.9}	{}	ProB, upper limit from Perez-Arellano. 2010. https://doi.org/10.1016/j.jmb.2010.10.019
"SER"	["PGLYCDEHYDROG-CPLX"]	29	0.005	0.37	{}	{}	NaN	{"GLT": 1}	{}	{"CYS": 1, "GLY": 1, "MET": 1, "TRP": 1}	SerA
"THR"	["ASPKINIHOMOSERDEHYDROGI-CPLX"]	NaN	0.097	0.167	{}	{}	NaN	{"L-ASPARTATE": 1}	{}	{"ILE": 1}	ThrA
"TRP"	["ANTHRANSYN-CPLX"]	NaN	0.17	0.17	{}	{}	NaN	{"SER": 1}	{}	{}	TrpDE
"TYR"	["CHORISMUTPREPHENDEHYDROG-CPLX"]	71	0.1	0.1	{"GLT": 1}	{}	NaN	{"GLT": 1}	{"GLT": 40}	{}	TyrA
"VAL"	["ACETOLACTSYNI-CPLX"]	38.5	0.078	0.1	{"GLT": 1}	{}	NaN	{"GLT": 1}	{"GLT": 40}	{}	IlvB
# Added from other sources
"L-ALPHA-ALANINE"	["CPLX0-7887", "CPLX0-7888", "VALINE-PYRUVATE-AMINOTRANSFER-MONOMER", "CPLX0-246", "CPLX0-248"]	NaN	NaN	NaN	{"GLT": 1}	{}	NaN	{"GLT": 1}	{"GLT": 40}	{}	AlaC, AlaA, AvtA, SufS, IscS
"L-ASPARTATE"	["ASPAMINOTRANS-DIMER"]	670	NaN	NaN	{"GLT": 1}	{}	NaN	{"GLT": 1}	{"GLT": 40}	{"ARG": 1, "ASN": 1, "ILE": 1, "LYS": 1, "MET": 1, "THR": 1}	AspC
"GLT"	["GLUTAMATESYN-CPLX", "GDHA-CPLX"]	NaN	NaN	NaN	{}	{}	NaN	{}	{}	{"L-ALPHA-ALANINE": 1, "ARG": 3, "ASN": 1, "L-ASPARTATE": 1, "CYS": 1, "GLN": 1, "GLY": 1, "HIS": 1, "ILE": 2, "LEU": 1, "LYS": 2, "MET": 2, "PHE": 1, "PRO": 1, "SER": 1, "THR": 1, "TRP": 1, "TYR": 1, "VAL": 1}	GltBD, GdhA, Sharkey 2008 from EcoCyc for reverse KM
"GLN"	["GLUTAMINESYN-OLIGOMER"]	36	NaN	NaN	{"GLT": 1}	{}	NaN	{"GLT": 1}	{"GLT": 3.3}	{"HIS": 1}	GlnA, KM, upstream from metabolism_kinetics (GLUTAMINESYN-RXN)
"GLY"	["GLYOHMETRANS-CPLX"]	11	NaN	NaN	{"SER": 1}	{}	NaN	{"SER": 1}	{"SER": 0.3}	{}	GlyA, KM, upstream from metabolism_kinetics (GLYOHMETRANS-RXN-SER/THF//GLY/METHYLENE-THF/WATER.33.)
"L-SELENOCYSTEINE"	["CPLX0-246"]	NaN	NaN	NaN	{}	{}	NaN	{}	{}	{}	SufS, mainly just a placeholder for Selenocysteine because the model does not explicitly produce it
